"rna","nt","seq","structure","DMS","paired_percentile","wobble_percentile","all_percentile"
"16S",677,"U","terminal",0.261440633,0.959633027522936,0.947916666666667,0.858849077090119
"16S",713,"G","terminal",0.154693336,0.613841524573721,0.549738219895288,0.43941504178273
"16S",1086,"U","terminal",0.20586286,0.939449541284404,0.916666666666667,0.830618892508143
"16S",1099,"G","terminal",0.495761939,0.518555667001003,0.858638743455497,0.823119777158774
"23S",2304,"G","terminal",0.057193288,0.441323971915747,0.303664921465969,0.221448467966574
"23S",2312,"U","terminal",0.165155014,0.915596330275229,0.880208333333333,0.793702497285559
